2504999,361,1/10/2023 12:00:00 AM,48881.9191,549411.5009,917167.7468,3408.9047,780013.8251
2505000,361,1/10/2023 12:00:00 AM,701682.0847,490851.1144,121339.2220,776894.8979,79176.3582
2505001,361,1/10/2023 12:00:00 AM,513860.7845,234861.4306,696403.1271,379045.9494,394747.1427
2505002,361,1/10/2023 12:00:00 AM,306542.1576,778754.0618,477880.6008,749515.5921,635150.2767
2505003,361,1/10/2023 12:00:00 AM,766063.3888,22268.3718,877893.3996,57868.1111,806306.5876
2505004,361,1/10/2023 12:00:00 AM,842334.7204,381368.8123,335337.9241,892701.1063,964353.1127
2505005,361,1/10/2023 12:00:00 AM,588769.6512,111518.4964,298813.2329,165634.3055,829560.6713
2505006,361,1/10/2023 12:00:00 AM,565344.9614,625020.5252,433384.5714,670728.3246,420221.2228
2505007,361,1/10/2023 12:00:00 AM,298431.2076,186442.3835,774030.5598,320854.6158,106845.2449
2505008,361,1/10/2023 12:00:00 AM,301600.3643,371846.1570,168101.7759,767292.1349,211064.2532
2505009,361,1/10/2023 12:00:00 AM,92197.5413,15982.8122,816183.1967,475171.3643,361637.7051
2505010,361,1/10/2023 12:00:00 AM,839653.1796,507721.1590,22911.7243,969265.7984,770351.7708
2505011,361,1/10/2023 12:00:00 AM,835781.2245,178689.2556,974844.3403,334997.1048,956456.0056
2505012,361,1/10/2023 12:00:00 AM,925542.2299,420580.8833,989623.9568,497170.0567,456006.7592
2505013,361,1/10/2023 12:00:00 AM,174961.7440,200850.7847,57566.2904,528537.6599,267290.5627
2505014,361,1/10/2023 12:00:00 AM,186160.5104,191745.9272,906847.5566,349773.0133,337144.3985
2505015,361,1/10/2023 12:00:00 AM,805280.3898,44056.4414,211896.6605,182675.0118,635242.5693
2505016,361,1/10/2023 12:00:00 AM,665767.5700,176240.9561,706810.8587,318253.0592,90541.3247
2505017,361,1/10/2023 12:00:00 AM,18931.7489,261903.7416,602217.7303,851251.9327,332096.2062
2505018,361,1/10/2023 12:00:00 AM,119584.5976,651154.7124,119005.0728,721253.9917,234321.8279
2505019,361,1/10/2023 12:00:00 AM,439036.1843,541076.9697,790145.9961,592743.0874,240554.0068
2505020,361,1/10/2023 12:00:00 AM,811515.7911,34379.5326,140063.5509,272784.4436,369804.9135
2505021,361,1/10/2023 12:00:00 AM,872838.4860,316945.0469,594986.4396,82144.6384,479029.9791
2505022,361,1/10/2023 12:00:00 AM,548900.3822,926236.1178,910279.2904,293358.4080,622514.8139
2505023,361,1/10/2023 12:00:00 AM,518615.5831,784977.6824,589066.8665,901805.7174,986282.9609
2505024,361,1/10/2023 12:00:00 AM,321243.0071,82484.3961,536633.3506,55434.4469,556398.0819
2505025,361,1/10/2023 12:00:00 AM,201456.2636,264455.3275,830803.1394,187050.1698,594724.9801
2505026,361,1/10/2023 12:00:00 AM,125874.7347,793154.2198,679378.1802,698703.8622,730255.7150
2505027,361,1/10/2023 12:00:00 AM,249099.9794,746661.5232,548958.1973,770783.6731,4174.3653
2505028,361,1/10/2023 12:00:00 AM,294637.0390,603032.0457,974660.5004,894160.1675,201285.2867
2505029,361,1/10/2023 12:00:00 AM,143403.3934,609571.5615,970506.0198,543770.7691,855404.0436
2505030,361,1/10/2023 12:00:00 AM,431820.7406,303543.5787,445617.7978,992966.7395,410574.4157
2505031,361,1/10/2023 12:00:00 AM,78747.0753,427545.2420,156308.6045,153730.2029,895882.9089
2505032,361,1/10/2023 12:00:00 AM,818759.5172,473998.3872,815872.6067,976522.6576,309444.9840
2505033,361,1/10/2023 12:00:00 AM,484193.0416,921930.1035,140391.5767,161078.8146,319448.1999
2505034,361,1/10/2023 12:00:00 AM,390183.9991,816640.3974,780509.2045,115951.1734,594807.3588
2505035,361,1/10/2023 12:00:00 AM,296563.3205,982291.1394,535873.5618,421197.7900,573203.2925
2505036,361,1/10/2023 12:00:00 AM,630475.4526,805996.0972,804932.1222,567578.8281,728530.6093
2505037,361,1/10/2023 12:00:00 AM,314413.1132,700662.8788,104213.4986,530020.0670,53858.0968
2505038,361,1/10/2023 12:00:00 AM,699537.6902,195464.7118,237695.6855,461804.4072,131609.7391
2505039,361,1/10/2023 12:00:00 AM,652100.2409,954383.0500,706795.5394,174594.9566,387361.5217
2505040,361,1/10/2023 12:00:00 AM,408306.4687,126112.6708,297937.6169,244147.8978,325452.5839
2505041,361,1/10/2023 12:00:00 AM,61953.1798,603312.4841,405286.8815,133881.9227,548144.9990
2505042,361,1/10/2023 12:00:00 AM,528896.8361,900951.7803,481447.7270,602931.7371,831735.4860
2505043,361,1/10/2023 12:00:00 AM,184102.1570,596228.6819,356648.4111,5909.8151,38641.0501
2505044,361,1/10/2023 12:00:00 AM,84439.8122,548646.2000,841992.5311,108828.4037,354009.7814
2505045,361,1/10/2023 12:00:00 AM,396811.6386,266401.5259,565111.8714,586525.8692,865097.4788
2505046,361,1/10/2023 12:00:00 AM,32514.8557,237176.1947,760854.7339,127747.9201,294659.0536
2505047,361,1/10/2023 12:00:00 AM,408635.8850,673030.4032,275132.6361,326461.1755,841457.6893
2505048,361,1/10/2023 12:00:00 AM,658925.6295,355189.4719,734919.0754,997151.3778,813642.1538
2505049,361,1/10/2023 12:00:00 AM,893107.5988,248236.9624,192213.1331,973292.1221,340891.0907
2505050,361,1/10/2023 12:00:00 AM,532182.5352,799361.1343,769430.1908,136339.7594,588089.8584
2505051,361,1/10/2023 12:00:00 AM,438315.0962,663674.6218,388848.5202,949387.4188,382159.9495
2505052,361,1/10/2023 12:00:00 AM,934196.0445,410453.9584,865640.2247,447364.7555,815453.8328
2505053,361,1/10/2023 12:00:00 AM,462215.6862,960173.0109,773853.9634,589398.7066,921273.2142
2505054,361,1/10/2023 12:00:00 AM,391333.1073,843278.9437,838163.9254,750256.8028,222866.8109
2505055,361,1/10/2023 12:00:00 AM,217721.5902,899389.8568,563019.6617,94362.8762,701964.7719
2505056,361,1/10/2023 12:00:00 AM,117277.6101,576043.4138,843593.5976,837605.3539,410711.4808
2505057,361,1/10/2023 12:00:00 AM,62266.8963,48451.1456,139538.8316,102592.7714,476340.9802
2505058,361,1/10/2023 12:00:00 AM,12972.8200,674287.0516,827208.2351,968331.3480,16920.1489
2505059,361,1/10/2023 12:00:00 AM,64062.5110,516421.2674,330414.3782,453375.9935,536584.3849
2505060,361,1/10/2023 12:00:00 AM,399390.4318,233769.2104,37954.9629,316317.8258,441341.5514
2505061,361,1/10/2023 12:00:00 AM,826261.2193,202461.4289,855167.0811,840162.1912,84580.6654
2505062,361,1/10/2023 12:00:00 AM,98081.0927,545243.6073,373996.7392,872570.3201,109623.5707
2505063,361,1/10/2023 12:00:00 AM,597836.2947,717178.8658,942068.7869,169135.2860,713157.9927
2505064,361,1/10/2023 12:00:00 AM,146706.3472,354774.7688,538961.9104,941738.2284,348220.3602
2505065,361,1/10/2023 12:00:00 AM,582540.8865,579356.4557,160101.4675,940791.2237,795530.9877
2505066,361,1/10/2023 12:00:00 AM,475260.9203,247563.5505,471600.0145,813238.7468,402014.1976
2505067,361,1/10/2023 12:00:00 AM,349741.6882,214461.4475,532118.8714,98150.4287,245835.0181
2505068,361,1/10/2023 12:00:00 AM,719556.3033,102561.0836,596019.4724,924456.4577,668748.7141
2505069,361,1/10/2023 12:00:00 AM,498885.7541,664184.7477,739083.6665,967314.9742,321717.7996
2505070,361,1/10/2023 12:00:00 AM,878977.1774,472653.5607,193347.6992,3560.8775,166629.2594
2505071,361,1/10/2023 12:00:00 AM,439783.4492,242902.9291,955318.3107,400401.7969,194395.7440
2505072,361,1/10/2023 12:00:00 AM,875222.9508,148580.8374,919551.9513,655900.1945,437870.8800
2505073,361,1/10/2023 12:00:00 AM,142158.1843,205152.4515,574787.4331,548836.7570,123794.3188
2505074,361,1/10/2023 12:00:00 AM,119151.3743,805657.5890,946233.2853,420607.3692,478053.9814
2505075,361,1/10/2023 12:00:00 AM,414172.4404,760264.2777,938146.8980,434054.3083,539832.6794
2505076,361,1/10/2023 12:00:00 AM,634703.7638,619946.7519,645742.4521,224051.6083,842593.6444
2505077,361,1/10/2023 12:00:00 AM,257957.2634,296315.0155,578069.4591,355526.2595,11384.7762
2505078,361,1/10/2023 12:00:00 AM,83980.5412,738183.7662,585091.0369,111520.3060,677440.5165
2505079,361,1/10/2023 12:00:00 AM,360248.4242,614671.5558,602323.4605,571334.2263,181982.0463
2505080,361,1/10/2023 12:00:00 AM,552872.1168,658966.4871,287732.2179,57223.3290,139313.5782
2505081,361,1/10/2023 12:00:00 AM,477727.0597,521650.7733,416169.4652,405991.7665,535286.6525
2505082,361,1/10/2023 12:00:00 AM,343963.8527,131691.0580,322551.6844,157491.3432,491407.3277
2505083,361,1/10/2023 12:00:00 AM,26551.3265,520762.3143,97606.7813,939115.9508,422878.6047
2505084,361,1/10/2023 12:00:00 AM,15765.7750,678772.6291,666550.5655,806427.8542,643702.6908
2505085,361,1/10/2023 12:00:00 AM,949155.4841,176606.0024,873144.4190,837970.0431,437288.8578
2505086,361,1/10/2023 12:00:00 AM,144931.8405,738281.0075,244605.4170,118796.5097,420205.9906
2505087,361,1/10/2023 12:00:00 AM,935336.6279,88387.7907,99817.5707,552397.9344,114079.6969
2505088,361,1/10/2023 12:00:00 AM,646468.4954,872143.6518,401648.1426,361559.9080,317649.7187
2505089,361,1/10/2023 12:00:00 AM,498386.9447,84762.0661,623520.4863,850925.2965,994512.2452
2505090,361,1/10/2023 12:00:00 AM,859707.0749,658294.7790,940795.2000,982165.0770,3644.9131
2505091,361,1/10/2023 12:00:00 AM,942282.8402,85990.0415,119787.9654,204110.2866,635214.5347
2505092,361,1/10/2023 12:00:00 AM,336410.8245,23654.3070,441604.5513,195464.9558,857784.5396
2505093,361,1/10/2023 12:00:00 AM,128033.0506,652924.4525,163179.2684,84446.1424,383674.7121
2505094,361,1/10/2023 12:00:00 AM,798015.6982,770489.3970,206035.8320,603943.6545,61484.1597
2505095,361,1/10/2023 12:00:00 AM,263282.7821,105931.7101,906549.1469,555464.1818,708127.7680
2505096,361,1/10/2023 12:00:00 AM,25598.0997,54568.3839,390511.5946,902522.5899,599902.0655
2505097,361,1/10/2023 12:00:00 AM,18200.9042,409301.2237,862611.0156,8017.8229,841804.1548
2505098,361,1/10/2023 12:00:00 AM,940488.2947,993040.1003,468742.5561,714103.2455,538157.0247
2505099,361,1/10/2023 12:00:00 AM,27393.5812,180191.7732,887887.7903,876207.1823,663475.6573
2505100,361,1/10/2023 12:00:00 AM,577168.5242,75446.1840,505004.9711,551289.2675,475810.9026
2505101,361,1/10/2023 12:00:00 AM,308125.0708,437555.1015,434972.2492,597617.8436,510733.2076
2505102,361,1/10/2023 12:00:00 AM,381356.2055,748654.6411,520112.4560,449863.1802,520106.2837
2505103,361,1/10/2023 12:00:00 AM,644701.4593,217168.9583,265869.3486,891137.5190,922066.2969
2505104,361,1/10/2023 12:00:00 AM,937490.6895,279340.8201,769432.5866,360943.9578,539901.2107
2505105,361,1/10/2023 12:00:00 AM,154500.0216,860206.4379,397703.7330,577002.2272,334007.9824
2505106,361,1/10/2023 12:00:00 AM,981172.1483,583709.8780,201139.2260,524624.0761,875148.3579
2505107,361,1/10/2023 12:00:00 AM,830416.1842,551789.7142,754908.7467,550899.6207,684927.0855
2505108,361,1/10/2023 12:00:00 AM,348248.2430,383793.0027,931288.8139,45294.2330,454764.6575
2505109,361,1/10/2023 12:00:00 AM,149200.2340,673023.4178,710774.2753,992020.6955,904060.7106
2505110,361,1/10/2023 12:00:00 AM,228425.1155,915649.8926,573474.8023,102308.2882,301673.4354
2505111,361,1/10/2023 12:00:00 AM,69152.7650,986590.5478,816275.2184,987219.2250,223595.9662
2505112,361,1/10/2023 12:00:00 AM,931381.4419,448423.4588,460112.4371,233112.7853,603975.1900
2505113,361,1/10/2023 12:00:00 AM,877773.8066,856817.1073,158627.4641,816056.0242,742490.0404
2505114,361,1/10/2023 12:00:00 AM,758679.0120,263290.2248,559864.1964,815459.6909,369701.8743
2505115,361,1/10/2023 12:00:00 AM,186799.8810,39598.5000,421210.1543,968991.6660,348268.2846
2505116,361,1/10/2023 12:00:00 AM,54111.1828,503815.3219,152185.9187,407339.4294,590131.4009
2505117,361,1/10/2023 12:00:00 AM,743073.2732,612242.1771,748522.1740,129382.0383,908967.1961
2505118,361,1/10/2023 12:00:00 AM,543553.9455,190505.3911,936991.1635,300536.2910,379591.1983
2505119,361,1/10/2023 12:00:00 AM,548997.9713,314164.3509,42074.8403,195467.9896,963402.4838
2505120,361,1/10/2023 12:00:00 AM,245517.8846,943117.0315,488592.8657,824129.4381,714876.0207
2505121,361,1/10/2023 12:00:00 AM,97189.1301,42547.8343,264387.8350,315371.8763,326533.3158
2505122,361,1/10/2023 12:00:00 AM,166995.9187,293653.8561,632552.5600,89450.9308,948797.3403
2505123,361,1/10/2023 12:00:00 AM,159496.8654,309918.2030,69454.3571,202628.5091,513685.5054
2505124,361,1/10/2023 12:00:00 AM,786985.5240,602635.9979,454118.6139,782476.8987,143577.2732
2505125,361,1/10/2023 12:00:00 AM,926888.3142,991122.7217,928370.3614,615568.5196,218676.8706
2505126,361,1/10/2023 12:00:00 AM,86705.1473,69281.0533,103629.7730,888037.4855,201495.1277
2505127,361,1/10/2023 12:00:00 AM,174823.4458,232060.3633,350521.5298,813508.6534,376223.9409
2505128,361,1/10/2023 12:00:00 AM,998947.8711,572714.2592,741758.2844,82166.1278,466925.5909
2505129,361,1/10/2023 12:00:00 AM,285793.1716,174263.0043,373984.0579,922725.1504,895559.4163
2505130,361,1/10/2023 12:00:00 AM,232803.1434,158826.3494,955877.3776,549633.3242,637424.2009
2505131,361,1/10/2023 12:00:00 AM,640846.5717,648895.2651,93420.6431,546515.2189,326099.1383
2505132,361,1/10/2023 12:00:00 AM,819981.4404,275019.9526,497942.7295,612121.2863,115738.3415
2505133,361,1/10/2023 12:00:00 AM,860517.0424,721443.2402,79694.4702,446783.7173,416502.4191
2505134,361,1/10/2023 12:00:00 AM,902800.2400,272354.3569,799893.3791,517789.3607,709244.0368
2505135,361,1/10/2023 12:00:00 AM,480701.3777,30092.3510,886620.5937,727432.8305,632922.9572
2505136,361,1/10/2023 12:00:00 AM,847312.7268,283348.1844,814874.3649,925824.8281,566195.5747
2528490,361,1/10/2023 12:00:00 AM,863604.2380,30498.8254,850417.5668,17039.0205,664620.3361
2528491,361,1/10/2023 12:00:00 AM,967566.3675,343499.5357,489421.9053,266468.0735,599190.4433
2528492,361,1/10/2023 12:00:00 AM,737893.2946,544871.3749,397952.9442,425733.5700,974710.5874
2528493,361,1/10/2023 12:00:00 AM,540691.1120,356577.4997,361752.3835,360401.7254,812755.7238
2528494,361,1/10/2023 12:00:00 AM,417442.5823,401065.4150,133969.9406,280830.4799,513509.0561
2528495,361,1/10/2023 12:00:00 AM,896634.9100,41617.8114,614837.7731,655631.7654,654049.3599
2528496,361,1/10/2023 12:00:00 AM,95822.4207,383893.2060,649947.4650,407194.7848,432884.6561
2528497,361,1/10/2023 12:00:00 AM,934124.1921,847376.8940,597568.6759,192662.8897,60278.6013
2528498,361,1/10/2023 12:00:00 AM,350833.5094,865093.0122,992257.8801,580195.4293,229577.5015
2528499,361,1/10/2023 12:00:00 AM,523066.4465,155902.0845,164133.1746,264240.4667,734631.7549
2528500,361,1/10/2023 12:00:00 AM,221859.7736,723140.9887,443247.4477,590846.1020,946353.6499
2528501,361,1/10/2023 12:00:00 AM,342319.9682,46060.0921,849527.9791,497614.3102,63230.9386
2528502,361,1/10/2023 12:00:00 AM,261287.5948,688643.7607,838312.4122,358578.4375,373926.9925
2528503,361,1/10/2023 12:00:00 AM,731572.1651,610550.9204,384030.3577,912237.7869,737335.8203
2528504,361,1/10/2023 12:00:00 AM,815732.1344,165982.6528,398336.6770,222889.8755,977107.8449
2528505,361,1/10/2023 12:00:00 AM,984686.3582,570781.0490,701206.8094,837531.6393,451647.5110
2528506,361,1/10/2023 12:00:00 AM,636067.1642,599174.4525,714635.4275,247594.7251,695430.3559
2528507,361,1/10/2023 12:00:00 AM,201818.0079,133048.4658,614230.7338,412042.0223,299596.5637
2528508,361,1/10/2023 12:00:00 AM,908009.1711,216194.6262,245488.7034,109958.5017,840065.8910
2528509,361,1/10/2023 12:00:00 AM,199888.5785,433450.0350,150255.6022,263538.7026,296137.2469
2528510,361,1/10/2023 12:00:00 AM,916511.7967,542330.5564,627615.4061,689382.3330,681098.1924
2528511,361,1/10/2023 12:00:00 AM,863785.1600,921383.9378,340964.0584,176548.4709,558301.0463
2528512,361,1/10/2023 12:00:00 AM,98242.0574,806170.3836,149452.6089,483546.0099,516220.6172
2528513,361,1/10/2023 12:00:00 AM,909447.4508,832215.3579,189343.5135,581787.0875,827476.8449
2528514,361,1/10/2023 12:00:00 AM,588105.8087,421503.4613,926755.5998,562877.1954,519238.5970
2528515,361,1/10/2023 12:00:00 AM,643531.0215,19420.4790,267655.6193,33050.6423,660014.7992
2528516,361,1/10/2023 12:00:00 AM,133741.6972,653020.0556,859438.6030,915863.2092,379216.9840
2528517,361,1/10/2023 12:00:00 AM,257906.8025,623842.3714,308128.9944,450168.0584,79277.4053
2528518,361,1/10/2023 12:00:00 AM,818378.0508,233471.2407,993672.2755,408596.5100,347242.5297
2528519,361,1/10/2023 12:00:00 AM,495091.4662,460414.6364,50512.6961,673852.5543,714960.2607
2528520,361,1/10/2023 12:00:00 AM,491308.3277,985710.4433,34969.6945,25529.7634,359722.5677
2528521,361,1/10/2023 12:00:00 AM,523533.5103,757386.2059,475687.8325,697981.0762,371322.5148
2528522,361,1/10/2023 12:00:00 AM,231072.7600,270586.6116,258501.2145,82601.8759,569849.0214
2528523,361,1/10/2023 12:00:00 AM,230536.3708,717460.4773,867283.9798,139441.7161,102716.6382
2528524,361,1/10/2023 12:00:00 AM,654164.8788,372024.4131,603998.0689,67189.8126,44907.0719
2528525,361,1/10/2023 12:00:00 AM,732462.1127,868109.7756,56451.5597,300978.2772,951553.5155
2528526,361,1/10/2023 12:00:00 AM,332232.2408,110457.0541,711093.6510,952798.6132,548173.8886
2528527,361,1/10/2023 12:00:00 AM,867582.5031,608583.1991,901584.7090,979769.3264,446433.6229
2528528,361,1/10/2023 12:00:00 AM,939227.4758,448580.7536,195453.0745,788696.9439,131162.8663
2528529,361,1/10/2023 12:00:00 AM,636374.7447,254906.7870,749576.7217,86449.3521,486054.0146
2528530,361,1/10/2023 12:00:00 AM,206300.1711,338597.1542,47073.7283,152535.3114,618359.8219
2528531,361,1/10/2023 12:00:00 AM,194761.4427,674055.3605,746247.6304,76874.6294,229673.3099
2528532,361,1/10/2023 12:00:00 AM,794915.1320,814637.9137,233745.0267,650691.2397,515174.2800
2528533,361,1/10/2023 12:00:00 AM,469763.3537,514161.3684,412755.3595,773117.1172,565568.8206
2528534,361,1/10/2023 12:00:00 AM,354100.0517,919860.9413,131377.8999,543214.6037,917508.3915
2528535,361,1/10/2023 12:00:00 AM,971719.2761,873644.9830,62270.7352,313378.8981,448168.0590
2528536,361,1/10/2023 12:00:00 AM,518737.4201,415393.9454,427740.9036,319101.2548,632715.1205
2528537,361,1/10/2023 12:00:00 AM,307101.2343,600906.1789,741228.8922,595392.9461,429148.5348
2528538,361,1/10/2023 12:00:00 AM,122398.7845,682342.8264,482436.4019,310303.6076,65204.5905
2528539,361,1/10/2023 12:00:00 AM,623275.5079,858368.9179,679164.0696,965788.5481,237197.3814
2528540,361,1/10/2023 12:00:00 AM,47681.8866,974783.2525,280591.3787,813103.7306,117627.0572
2528541,361,1/10/2023 12:00:00 AM,25854.8495,456700.1442,431461.5001,379539.2919,148666.8492
2528542,361,1/10/2023 12:00:00 AM,198858.4831,758100.4507,985655.1935,858202.0231,46647.2058
2528543,361,1/10/2023 12:00:00 AM,461618.2745,81157.6148,580990.5762,799958.5307,789893.2305
2528544,361,1/10/2023 12:00:00 AM,922069.9328,302675.6364,212300.7050,44007.6709,605032.2193
2528545,361,1/10/2023 12:00:00 AM,597478.8619,288009.0079,370175.4388,485856.7856,956.1437
2528546,361,1/10/2023 12:00:00 AM,530085.6275,475871.4288,136854.5294,132173.7835,976681.0952
2528547,361,1/10/2023 12:00:00 AM,31890.8644,420086.0293,918524.4538,620271.5092,637364.0892
2528548,361,1/10/2023 12:00:00 AM,306190.5992,365584.0775,82072.5624,131803.7504,400321.4773
2528549,361,1/10/2023 12:00:00 AM,341481.5487,262187.1090,328597.0205,807285.0202,596793.6250
2528550,361,1/10/2023 12:00:00 AM,387005.3187,973536.7522,224322.3508,785039.7243,465677.7341
2528551,361,1/10/2023 12:00:00 AM,249701.7475,909997.7213,797179.7197,865503.7985,729926.6610
2528552,361,1/10/2023 12:00:00 AM,976866.2137,338071.4063,726555.1405,581680.4003,159830.5867
2528553,361,1/10/2023 12:00:00 AM,72866.8432,950000.0796,386371.2566,942344.8575,127482.7930
2528554,361,1/10/2023 12:00:00 AM,168242.2226,134855.9209,547882.2454,426277.4559,900252.6885
2528555,361,1/10/2023 12:00:00 AM,827451.6852,633996.0755,530712.3065,521488.7958,433802.0097
2528556,361,1/10/2023 12:00:00 AM,150385.5259,155939.2913,413145.5692,145840.2805,321508.9132
2528557,361,1/10/2023 12:00:00 AM,591233.9290,778702.1806,399562.0089,895607.9383,220735.5857
2528558,361,1/10/2023 12:00:00 AM,262579.3481,5504.0840,198731.7054,101219.4305,672470.1959
2528559,361,1/10/2023 12:00:00 AM,902636.5778,353913.4859,895957.2732,347626.6360,192971.6609
2528560,361,1/10/2023 12:00:00 AM,601851.9230,288941.1309,670043.1221,715526.4732,858376.2707
2528561,361,1/10/2023 12:00:00 AM,625463.1638,302281.9924,915066.5568,732044.5528,396226.3326
2528562,361,1/10/2023 12:00:00 AM,32471.0314,87580.7088,777515.9271,327363.2709,469417.1536
2528563,361,1/10/2023 12:00:00 AM,829630.7859,943855.2671,367739.6395,223545.9197,922368.2722
2528564,361,1/10/2023 12:00:00 AM,541002.9612,682690.3499,103976.9999,868552.9208,956265.4029
2528565,361,1/10/2023 12:00:00 AM,562162.9781,8852.1934,293149.1603,91341.9087,684853.6604
2528566,361,1/10/2023 12:00:00 AM,919374.7811,856741.0839,306528.1594,810083.3825,671535.5196
2528567,361,1/10/2023 12:00:00 AM,567165.3520,349065.9028,361440.6670,744032.4340,143583.8311
2505137,361,1/10/2023 12:00:00 AM,389590.6805,10493.6453,615133.5500,404306.6947,519504.8179
2505138,361,1/10/2023 12:00:00 AM,591990.5112,651133.3883,317148.3267,874397.7850,68483.3722
2505139,361,1/10/2023 12:00:00 AM,54341.4686,199893.5471,834507.8532,41477.5766,246071.8269
2505140,361,1/10/2023 12:00:00 AM,511310.5024,414073.6904,568330.6364,248402.1939,920634.7945
2505141,361,1/10/2023 12:00:00 AM,321509.0920,263975.5087,854287.5252,106979.9877,219521.5322
2505142,361,1/10/2023 12:00:00 AM,586033.5656,851122.7988,890127.4279,246894.0269,212286.3528
2505143,361,1/10/2023 12:00:00 AM,860448.6265,813660.2895,52690.7840,672172.9587,346862.3340
2505144,361,1/10/2023 12:00:00 AM,481620.0292,71170.4261,900048.5151,999028.1274,168178.4842
2505145,361,1/10/2023 12:00:00 AM,577549.9944,273187.0986,709317.2062,529130.9948,484869.9539
2505146,361,1/10/2023 12:00:00 AM,438407.4577,191071.7167,608592.4653,979543.6539,172944.5193
2505147,361,1/10/2023 12:00:00 AM,63698.1515,429353.8221,797943.4965,227581.9286,451015.4735
2505148,361,1/10/2023 12:00:00 AM,206614.4427,408537.1019,888741.4634,298186.1930,394452.8560
2505149,361,1/10/2023 12:00:00 AM,560617.9111,504116.3967,37074.6307,2603.7405,720278.1039
2505150,361,1/10/2023 12:00:00 AM,940238.9182,960492.8662,466607.5098,494135.2144,252498.4226
2505151,361,1/10/2023 12:00:00 AM,505643.2959,62687.8411,253360.9703,259644.9695,444143.4103
2505152,361,1/10/2023 12:00:00 AM,209262.2641,774703.4651,711337.9779,530932.4116,658867.2519
2505153,361,1/10/2023 12:00:00 AM,814674.3582,3128.2628,103614.4262,739093.1706,192522.1916
2505154,361,1/10/2023 12:00:00 AM,909705.8518,449958.0233,532474.4825,925581.9154,588854.5594
2505155,361,1/10/2023 12:00:00 AM,924666.6018,639527.7970,472296.1060,370605.4048,892455.8136
2505156,361,1/10/2023 12:00:00 AM,835232.4194,954805.1482,877539.3285,961609.3288,106940.5075
2505157,361,1/10/2023 12:00:00 AM,468600.8694,312014.2623,245082.4912,502882.8557,560685.3766
2505158,361,1/10/2023 12:00:00 AM,877026.8314,139658.9522,766340.5751,833099.3423,306904.9381
2505159,361,1/10/2023 12:00:00 AM,602238.8308,454515.7708,34229.4425,110202.1194,889171.3312
2505160,361,1/10/2023 12:00:00 AM,489840.6452,593685.5570,712136.1581,874913.9934,683015.3889
2505161,361,1/10/2023 12:00:00 AM,29327.2835,617979.8512,754618.8148,209262.7102,2282.9795
2505162,361,1/10/2023 12:00:00 AM,257070.9060,50331.2014,738270.9487,334765.7684,733883.1806
2505163,361,1/10/2023 12:00:00 AM,65132.3147,249588.2137,992247.1038,924587.6093,284717.2481
2505164,361,1/10/2023 12:00:00 AM,539637.2483,463192.7615,913398.2870,619397.1235,404501.4040
2505165,361,1/10/2023 12:00:00 AM,858978.8928,88796.0895,800693.7061,505628.0380,588827.1865
2505166,361,1/10/2023 12:00:00 AM,177162.6148,909777.7769,940066.2482,138799.8146,519138.2935
2505167,361,1/10/2023 12:00:00 AM,150213.9567,496244.3873,83060.8294,587002.6501,621271.9937
2505168,361,1/10/2023 12:00:00 AM,754370.8636,70986.4870,948341.3671,927945.9926,836948.2923
2505169,361,1/10/2023 12:00:00 AM,354188.0547,979837.1682,827652.9459,717169.9260,665882.9707
2505170,361,1/10/2023 12:00:00 AM,648370.3069,562132.6193,341753.5876,199881.1177,822180.8747
2505171,361,1/10/2023 12:00:00 AM,461483.7244,818165.2473,713770.8081,977279.3624,444229.7872
2505172,361,1/10/2023 12:00:00 AM,142630.8138,861600.6511,620842.9198,52526.4182,646504.0147
2505173,361,1/10/2023 12:00:00 AM,460388.1673,9982.5936,57020.0329,801561.8049,590137.8801
2505174,361,1/10/2023 12:00:00 AM,636893.0513,511054.2420,41072.7558,314759.9639,792030.3719
2505175,361,1/10/2023 12:00:00 AM,893017.4146,184211.4245,225761.9334,565411.4830,924307.3026
2505176,361,1/10/2023 12:00:00 AM,961683.7875,414977.0547,351024.8729,539574.1079,221183.9468
2505177,361,1/10/2023 12:00:00 AM,447989.3866,893057.9402,567086.7931,488966.7805,264822.3273
2505178,361,1/10/2023 12:00:00 AM,31544.0962,956082.0833,61347.5445,125259.3144,870687.4512
2505179,361,1/10/2023 12:00:00 AM,997151.6907,598624.6467,251054.7529,562389.8431,670653.4420
2505180,361,1/10/2023 12:00:00 AM,231047.0219,92990.8252,522408.6673,673977.9368,835033.5671
2505181,361,1/10/2023 12:00:00 AM,336714.5917,266131.0982,51249.7141,72544.2242,182784.5530
2505182,361,1/10/2023 12:00:00 AM,796789.6800,478275.4588,833968.0139,647629.1995,66934.1795
2505183,361,1/10/2023 12:00:00 AM,31525.2756,428040.4328,854190.2052,173990.8509,167825.8217
2505184,361,1/10/2023 12:00:00 AM,566438.1004,716170.5903,361495.1219,923726.2598,465576.9948
2505185,361,1/10/2023 12:00:00 AM,918802.4177,662499.6428,359094.5080,777614.4317,570125.9833
2505186,361,1/10/2023 12:00:00 AM,448822.3695,95668.2710,287803.7164,542484.7546,826402.1484
2505187,361,1/10/2023 12:00:00 AM,646764.7324,262438.7896,469161.9824,110979.5833,392013.7975
2505188,361,1/10/2023 12:00:00 AM,78301.5264,739099.9073,188186.7144,397765.6613,398344.4349
2505189,361,1/10/2023 12:00:00 AM,586592.3107,730784.6880,639938.8697,448493.5669,43602.0221
2505190,361,1/10/2023 12:00:00 AM,946651.6540,259346.2268,813473.4005,457161.4497,943143.0261
2505191,361,1/10/2023 12:00:00 AM,480727.2112,486432.3188,291011.5402,163262.4844,347368.8603
2505192,361,1/10/2023 12:00:00 AM,667066.1383,813417.2268,927114.0351,775590.9867,878090.0372
2505193,361,1/10/2023 12:00:00 AM,151022.8193,809455.3269,14259.9823,895380.6816,85198.0234
2505194,361,1/10/2023 12:00:00 AM,941519.9147,716200.6530,421650.0133,663776.1271,876895.6802
2505195,361,1/10/2023 12:00:00 AM,467532.9744,712616.1282,202712.9507,43598.0067,340769.1465
2505196,361,1/10/2023 12:00:00 AM,513909.8806,961886.8261,267993.0989,677357.5142,404032.6852
2505197,361,1/10/2023 12:00:00 AM,137078.2876,310456.0055,265504.9560,703531.3105,326164.9223
2505198,361,1/10/2023 12:00:00 AM,88674.0625,991250.3236,609583.8885,679193.3867,319895.8546
2505199,361,1/10/2023 12:00:00 AM,879927.0478,571122.0193,933104.3617,687205.4828,415630.0315
2505200,361,1/10/2023 12:00:00 AM,188588.2071,286054.3326,941082.4739,577286.2149,767974.7985
2505201,361,1/10/2023 12:00:00 AM,272675.6790,496645.4725,163209.3427,520915.3618,546131.1252
2505202,361,1/10/2023 12:00:00 AM,607135.7315,631032.9633,337306.9413,562527.7152,800953.6578
2505203,361,1/10/2023 12:00:00 AM,64971.6276,764030.0145,617510.6392,616133.6233,161743.3338
2505204,361,1/10/2023 12:00:00 AM,743695.9555,954903.3213,798058.5674,645953.9499,750147.1927
2505205,361,1/10/2023 12:00:00 AM,816568.1371,443910.2253,801614.2086,933720.4214,180291.4159
2505206,361,1/10/2023 12:00:00 AM,130126.4412,805194.3109,951295.4781,636292.0717,348679.1395
2505207,361,1/10/2023 12:00:00 AM,22970.2808,327334.7482,80681.2317,729083.9682,262283.5400
2505208,361,1/10/2023 12:00:00 AM,31085.7640,129933.2001,850788.1783,357588.2283,544007.7101
2505209,361,1/10/2023 12:00:00 AM,913405.3339,639265.8462,938204.4500,555150.4379,269857.2431
2505210,361,1/10/2023 12:00:00 AM,125479.7449,759902.2838,465303.2642,223907.5499,492760.6140
2505211,361,1/10/2023 12:00:00 AM,722511.3084,238658.4449,161050.3441,893712.1119,585440.4495
2505212,361,1/10/2023 12:00:00 AM,894722.0703,94264.8219,653514.8184,276628.6247,412533.3415
2505213,361,1/10/2023 12:00:00 AM,982822.2578,197612.2849,508304.3495,201361.6077,161975.8315
2505214,361,1/10/2023 12:00:00 AM,221323.4277,993795.9584,166665.4939,968912.2558,902427.5843
2505215,361,1/10/2023 12:00:00 AM,644705.6028,864488.0194,342036.3907,572145.2788,102992.9486
2505216,361,1/10/2023 12:00:00 AM,782007.5256,242571.3792,809997.0852,602400.0064,63547.9198
2505217,361,1/10/2023 12:00:00 AM,901278.0142,981712.7182,268557.7766,352740.8003,218596.8081
2505218,361,1/10/2023 12:00:00 AM,377183.1817,776805.3084,494391.7314,30357.6550,535018.5942
2505219,361,1/10/2023 12:00:00 AM,741208.2536,626374.0024,728873.3882,225600.2599,281594.6427
2505220,361,1/10/2023 12:00:00 AM,221076.6347,959043.2719,16118.8300,883437.4397,724782.6510
2505221,361,1/10/2023 12:00:00 AM,323532.3550,794710.5432,832752.9224,898757.0371,224021.4600
2505222,361,1/10/2023 12:00:00 AM,100942.4584,821108.4064,135087.8132,421480.0748,251379.4106
2505223,361,1/10/2023 12:00:00 AM,88929.0903,836363.8948,39246.8187,581035.6610,946174.4616
2505224,361,1/10/2023 12:00:00 AM,427320.6960,3070.0942,936487.0427,721599.8360,75255.4924
2505225,361,1/10/2023 12:00:00 AM,529171.7308,531416.3873,947310.1345,449852.9883,491737.1593
2505226,361,1/10/2023 12:00:00 AM,353506.1733,159080.6285,657757.3617,49315.5126,340108.8165
2505227,361,1/10/2023 12:00:00 AM,784394.4318,593910.6647,421539.3964,362304.7705,697943.9137
2505228,361,1/10/2023 12:00:00 AM,238144.0336,752786.1721,830243.5980,907814.8050,376227.4259
2505229,361,1/10/2023 12:00:00 AM,486983.3852,978070.1111,785659.0520,761600.7643,27835.2679
2505230,361,1/10/2023 12:00:00 AM,824692.3095,236937.3990,828594.6490,428952.3392,866281.5158
2505231,361,1/10/2023 12:00:00 AM,955836.4665,156526.8050,439173.2107,373639.7614,375141.1321
2505232,361,1/10/2023 12:00:00 AM,591500.2896,894630.1967,777026.5315,166602.0452,384467.5010
2505233,361,1/10/2023 12:00:00 AM,594054.9554,697202.5110,822476.1519,958489.8251,830744.1779
2505234,361,1/10/2023 12:00:00 AM,434036.5498,865420.9709,602799.9377,822119.1075,985759.1720
2505235,361,1/10/2023 12:00:00 AM,88473.2162,747176.8445,404704.8668,743452.2177,398036.4489
2505236,361,1/10/2023 12:00:00 AM,207211.0987,609528.5777,803201.5767,64556.0118,587469.1104
2505237,361,1/10/2023 12:00:00 AM,826856.7502,470243.8649,738669.1297,202570.0728,597919.8012
2505238,361,1/10/2023 12:00:00 AM,677538.7137,307656.4800,503424.6242,623682.3385,141426.8596
2505239,361,1/10/2023 12:00:00 AM,645624.1723,159340.4037,559824.6077,156871.3240,244707.9650
2505240,361,1/10/2023 12:00:00 AM,851504.3831,502740.9761,436727.9343,450064.4651,696443.2829
2505241,361,1/10/2023 12:00:00 AM,362703.2713,334059.1837,235836.7098,891033.1522,850418.9666
2505242,361,1/10/2023 12:00:00 AM,277869.0202,349939.4951,719237.3625,82361.8224,24992.9942
2505243,361,1/10/2023 12:00:00 AM,587363.5362,30837.9195,150885.0198,318912.5954,986033.9489
2505244,361,1/10/2023 12:00:00 AM,301405.6951,495205.3144,968100.3404,86480.8262,850675.5497
2505245,361,1/10/2023 12:00:00 AM,23115.8078,672094.7555,853850.1006,988991.9380,525517.8463
2505246,361,1/10/2023 12:00:00 AM,103036.1545,796421.3754,694.8635,203987.2301,36668.6960
2505247,361,1/10/2023 12:00:00 AM,451036.7743,307201.7031,339037.9529,366644.6989,576718.0881
2505248,361,1/10/2023 12:00:00 AM,597046.6207,749440.3291,133413.7548,602009.0758,356633.7451
2505249,361,1/10/2023 12:00:00 AM,794823.3311,357991.5939,7490.4419,20608.3004,404408.2880
2505250,361,1/10/2023 12:00:00 AM,746683.4242,939296.6903,846822.8064,890426.6600,76022.3127
2505251,361,1/10/2023 12:00:00 AM,781891.1955,724583.7811,987879.5370,91181.3846,903947.6094
2505252,361,1/10/2023 12:00:00 AM,687899.6958,992234.1430,290058.5299,304369.8346,936972.5608
2505253,361,1/10/2023 12:00:00 AM,169668.3312,457149.7323,270831.0307,341521.4205,868856.6922
2505254,361,1/10/2023 12:00:00 AM,668395.0513,481141.6250,288139.7344,834304.7154,34659.4253
2505255,361,1/10/2023 12:00:00 AM,406719.1960,47552.6316,506889.6393,773228.8601,784755.3622
2505256,361,1/10/2023 12:00:00 AM,132089.2948,143644.5356,328535.2775,457831.4590,528649.3008
2505257,361,1/10/2023 12:00:00 AM,760094.0971,552735.4890,451709.3238,134552.6524,86051.3528
2505258,361,1/10/2023 12:00:00 AM,931128.1836,482957.0899,271146.2676,70574.3852,534834.0344
2505259,361,1/10/2023 12:00:00 AM,713939.4981,438905.0941,815831.1703,883077.4583,800834.5980
2505260,361,1/10/2023 12:00:00 AM,229050.1676,112501.7114,249111.5162,338554.9182,983517.5949
2505261,361,1/10/2023 12:00:00 AM,30870.9870,653256.7373,949565.9236,119570.6595,430807.9445
2505262,361,1/10/2023 12:00:00 AM,539440.7974,453847.3485,179697.0901,569875.8840,779963.6571
2505263,361,1/10/2023 12:00:00 AM,714998.6629,786219.8562,150639.7057,24652.2820,883827.7630
2505264,361,1/10/2023 12:00:00 AM,49674.7726,600522.6067,885670.3368,590029.2907,655280.9292
2505265,361,1/10/2023 12:00:00 AM,823573.9578,753970.8736,801372.4065,222967.6075,971381.4668
2505266,361,1/10/2023 12:00:00 AM,713741.6968,557038.8109,502499.0600,787102.1284,838133.3072
2505267,361,1/10/2023 12:00:00 AM,415548.2921,954528.4598,155936.0964,24822.2968,541083.9504
2505268,361,1/10/2023 12:00:00 AM,774862.3729,466436.1385,37783.0482,335716.1454,157437.1100
2505269,361,1/10/2023 12:00:00 AM,712192.5874,163942.0714,786548.5675,556062.8127,607620.5613
2505270,361,1/10/2023 12:00:00 AM,839904.5897,895831.3178,594759.5466,860803.2038,384572.4787
2505271,361,1/10/2023 12:00:00 AM,387343.9080,735366.9969,56159.7982,890821.7569,437639.1026
2505272,361,1/10/2023 12:00:00 AM,101638.9066,19799.9646,359081.5468,10340.7035,914767.8784
2505273,361,1/10/2023 12:00:00 AM,494905.8462,575648.8027,842201.4561,295555.2145,982358.3418
2505274,361,1/10/2023 12:00:00 AM,830288.0393,134703.1788,615820.6649,748398.3723,712263.7037
2505275,361,1/10/2023 12:00:00 AM,839077.8052,627133.9016,312035.2534,111893.3156,364432.2736
2505276,361,1/10/2023 12:00:00 AM,330766.9244,978997.2339,329574.7108,656229.6913,204634.1426
2505277,361,1/10/2023 12:00:00 AM,816230.3757,838578.9274,209052.4408,976180.5423,45974.3094
2505278,361,1/10/2023 12:00:00 AM,260371.0318,353583.9057,103091.0206,679832.1813,277928.7944
2505279,361,1/10/2023 12:00:00 AM,30394.7566,188093.4848,802919.4307,834295.0856,428888.9231
2505280,361,1/10/2023 12:00:00 AM,238238.5484,570857.7146,988342.0145,411170.2121,852994.7870
2505281,361,1/10/2023 12:00:00 AM,666317.0471,567329.2704,925879.2788,852288.8636,893826.0229
2505282,361,1/10/2023 12:00:00 AM,519837.9352,948586.4646,831749.2570,230336.6300,310065.4754
2505283,361,1/10/2023 12:00:00 AM,461545.4925,744759.3345,202724.7790,887040.5890,205990.4509
2505284,361,1/10/2023 12:00:00 AM,788046.8593,74454.3361,753599.1758,434359.5917,580085.6836
2505285,361,1/10/2023 12:00:00 AM,764169.6794,501959.6775,37943.8955,175886.7336,738739.4892
2505286,361,1/10/2023 12:00:00 AM,39884.3616,594873.7775,856997.8267,286050.0592,770672.5491
2505287,361,1/10/2023 12:00:00 AM,539664.7270,12232.1489,122280.5782,820690.3637,358126.6966
2505288,361,1/10/2023 12:00:00 AM,279983.3107,840212.3443,500537.7472,920106.9166,25080.8347
2505289,361,1/10/2023 12:00:00 AM,393593.0692,591349.6030,437148.7846,678146.7235,575706.1689
2505290,361,1/10/2023 12:00:00 AM,591286.0481,710025.6088,935788.6150,401323.4347,439338.8465
2505291,361,1/10/2023 12:00:00 AM,286249.5607,825782.8557,301102.4872,851412.4792,767508.2720
2505292,361,1/10/2023 12:00:00 AM,54756.6704,736371.0339,66607.2513,685542.4801,338751.2117
2528568,361,1/10/2023 12:00:00 AM,547375.4332,78434.2371,817438.2308,387718.7686,166919.2425
2528569,361,1/10/2023 12:00:00 AM,931668.6236,595232.7809,668154.1359,9685.0584,517192.4216
2528570,361,1/10/2023 12:00:00 AM,898097.9340,837307.9095,205104.0712,757154.8667,915000.6331
2528571,361,1/10/2023 12:00:00 AM,50087.9390,491909.0102,315126.4263,759358.9660,116615.1705
2528572,361,1/10/2023 12:00:00 AM,161154.8315,929996.4530,638738.3926,429336.5884,760153.7092
2528573,361,1/10/2023 12:00:00 AM,26008.6863,371876.2611,238491.8309,629424.2064,791478.4417
2528574,361,1/10/2023 12:00:00 AM,172055.6459,174305.5625,103908.1072,830856.0069,431243.8226
2528575,361,1/10/2023 12:00:00 AM,998288.3639,87903.9323,649861.8750,361339.8034,850713.7950
2528576,361,1/10/2023 12:00:00 AM,186602.8928,86266.6602,837252.4912,621138.2860,968094.8116
2528577,361,1/10/2023 12:00:00 AM,527267.4891,125617.1159,169778.9682,552377.3191,898991.4691
2528578,361,1/10/2023 12:00:00 AM,370861.6382,617421.4837,492894.6257,368846.5890,342854.7206
2528579,361,1/10/2023 12:00:00 AM,911757.3944,266165.7695,571365.1797,693929.2451,185153.4130
2528580,361,1/10/2023 12:00:00 AM,665965.1268,568031.3754,26145.4710,165637.8977,982313.2765
2528581,361,1/10/2023 12:00:00 AM,337616.9259,29783.6367,518461.5442,596638.5114,301992.4847
2528582,361,1/10/2023 12:00:00 AM,107712.2340,320980.7895,596036.2618,928667.3168,318194.4306
2528583,361,1/10/2023 12:00:00 AM,327285.6610,71187.0571,821642.1651,665093.2962,18469.0170
2528584,361,1/10/2023 12:00:00 AM,263873.3282,242368.6577,315798.0966,778562.1130,130876.5452
2528585,361,1/10/2023 12:00:00 AM,806435.0794,563305.8962,961247.2641,809808.1930,566752.9433
2528586,361,1/10/2023 12:00:00 AM,624213.9137,76248.3252,13604.2106,185226.6597,478642.0269
2528587,361,1/10/2023 12:00:00 AM,488671.2886,246415.8570,903439.0747,745519.4768,46714.5223
2528588,361,1/10/2023 12:00:00 AM,705308.6796,91348.4974,90788.9485,699582.2540,749655.7957
2528589,361,1/10/2023 12:00:00 AM,233089.3076,1396.6542,245022.0414,891779.2855,922429.8326
2528590,361,1/10/2023 12:00:00 AM,332060.0211,4177.7949,720826.9775,92946.1841,766837.4734
2528591,361,1/10/2023 12:00:00 AM,357204.8926,754086.8349,369223.0017,209091.4716,663229.7052
2528592,361,1/10/2023 12:00:00 AM,659359.0004,973108.1002,562123.1049,868764.9774,327411.2261
2528593,361,1/10/2023 12:00:00 AM,837454.6268,504669.6512,198584.8642,394430.8181,274377.4290
2528594,361,1/10/2023 12:00:00 AM,691991.2903,353236.3990,368452.6196,186552.0654,599158.6084
2528595,361,1/10/2023 12:00:00 AM,55565.4430,910907.1243,434649.7205,980889.4328,956647.3076
2528596,361,1/10/2023 12:00:00 AM,886908.0906,714.6634,816994.1100,134723.9343,911159.6357
2528597,361,1/10/2023 12:00:00 AM,624548.3172,82901.7516,992912.9729,971619.9417,112.1443
2528598,361,1/10/2023 12:00:00 AM,396504.0502,467045.8172,412399.9910,242634.9419,880435.6300
2528599,361,1/10/2023 12:00:00 AM,568470.7329,955196.7643,439442.4719,582808.6478,285873.1322
2528600,361,1/10/2023 12:00:00 AM,148967.3558,594541.6250,156002.9816,362273.2522,18558.2270
2528601,361,1/10/2023 12:00:00 AM,679008.4284,553183.2815,983630.8665,912312.9278,991841.1216
2528602,361,1/10/2023 12:00:00 AM,145797.1905,508191.6995,975824.6523,364322.6057,751443.8094
2528603,361,1/10/2023 12:00:00 AM,422082.0073,579678.3324,642645.8865,652813.1739,45345.3938
2528604,361,1/10/2023 12:00:00 AM,762369.2260,922738.3309,203389.9710,574137.6107,969262.7647
2528605,361,1/10/2023 12:00:00 AM,532700.0251,242938.3701,640203.9130,833764.7360,146613.3281
2528606,361,1/10/2023 12:00:00 AM,960268.4552,731558.0141,382569.6150,865179.8631,52324.5163
2528607,361,1/10/2023 12:00:00 AM,976950.1352,779509.6210,827341.0166,809431.6439,763291.1320
2528608,361,1/10/2023 12:00:00 AM,526505.4735,956749.5766,606741.3285,514628.7615,112307.6578
2528609,361,1/10/2023 12:00:00 AM,741560.1245,24483.1859,665031.7614,844146.3012,971483.8145
2528610,361,1/10/2023 12:00:00 AM,292578.1864,316047.9164,671157.4976,255422.3560,976543.6757
2528611,361,1/10/2023 12:00:00 AM,710334.2393,713363.2515,301054.6307,97501.6466,704547.6484
2528612,361,1/10/2023 12:00:00 AM,420917.1932,350543.4368,831017.8396,166396.0729,558993.3967
2528613,361,1/10/2023 12:00:00 AM,757309.8523,259023.7154,958347.4133,255755.5544,626050.2849
2528614,361,1/10/2023 12:00:00 AM,293060.4947,28562.6988,982587.3089,753805.3343,668242.8090
2528615,361,1/10/2023 12:00:00 AM,603631.4207,823839.3339,129666.6002,932142.7385,155415.5178
2528616,361,1/10/2023 12:00:00 AM,155406.0099,843391.6938,569499.3815,81457.8816,341990.2157
2528617,361,1/10/2023 12:00:00 AM,507806.7573,636779.6265,335030.2110,146873.3584,802134.9525
2528618,361,1/10/2023 12:00:00 AM,444834.9010,649068.7374,655647.5062,682316.4504,33765.0627
2528619,361,1/10/2023 12:00:00 AM,166357.8529,427017.8582,992018.2284,969606.9782,887084.1288
2528620,361,1/10/2023 12:00:00 AM,141340.3765,281962.5984,645673.9441,560017.3207,528567.5078
2528621,361,1/10/2023 12:00:00 AM,610171.3603,646508.8752,735219.3799,426997.8874,833456.0486
2528622,361,1/10/2023 12:00:00 AM,417509.0438,374042.7531,181914.2930,968263.2399,833955.6241
2528623,361,1/10/2023 12:00:00 AM,901837.0699,278895.0579,69893.8934,438199.4296,54030.6234
2528624,361,1/10/2023 12:00:00 AM,532137.9863,258297.4816,135971.6132,18079.3237,802124.4309
2528625,361,1/10/2023 12:00:00 AM,15265.2324,18700.0134,572520.4248,354288.3781,326777.0550
2528626,361,1/10/2023 12:00:00 AM,131313.2260,870072.4919,127069.6667,63094.5394,999500.4393
2528627,361,1/10/2023 12:00:00 AM,893030.4056,779106.6657,755809.3286,596857.3130,367781.5807
2528628,361,1/10/2023 12:00:00 AM,12936.1938,685263.7679,263945.6272,716061.2954,671163.0962
2528629,361,1/10/2023 12:00:00 AM,135933.6688,13733.3590,44325.9238,922645.0264,698090.6850
2528630,361,1/10/2023 12:00:00 AM,763065.4758,758972.2897,392784.1261,36547.0392,783871.9501
2528631,361,1/10/2023 12:00:00 AM,279680.6970,438167.3255,128708.1081,548070.6627,254410.4517
2528632,361,1/10/2023 12:00:00 AM,113107.5312,979602.5224,484842.7975,166450.2885,781705.6318
2528633,361,1/10/2023 12:00:00 AM,782786.2193,653205.8419,561424.6032,488124.2097,91725.5149
2528634,361,1/10/2023 12:00:00 AM,244222.3245,533512.1123,452857.8457,162605.0731,476595.0134
2528635,361,1/10/2023 12:00:00 AM,908320.3311,870413.7336,872680.4792,685865.9900,489805.4547
2528636,361,1/10/2023 12:00:00 AM,624249.5242,649808.2485,4162.7079,816542.3087,160538.5572
2528637,361,1/10/2023 12:00:00 AM,759755.0985,805425.1685,171365.3593,42395.6902,987612.0979
2528638,361,1/10/2023 12:00:00 AM,951576.4032,934864.5642,832398.7879,666311.6282,401962.9739
2528639,361,1/10/2023 12:00:00 AM,303922.8994,687962.8195,700428.4831,135369.4219,945283.2087
2528640,361,1/10/2023 12:00:00 AM,189243.5984,931828.4278,155167.8586,445135.2931,869794.9568
2528641,361,1/10/2023 12:00:00 AM,28129.4746,715375.4951,610512.8418,164423.8581,19951.2374
2528642,361,1/10/2023 12:00:00 AM,864545.5859,793481.4903,516221.6193,266669.5233,685048.6943
2528643,361,1/10/2023 12:00:00 AM,946044.1793,173172.6658,190567.9317,680941.7735,383927.6919
2528644,361,1/10/2023 12:00:00 AM,932415.2794,115657.2996,471189.9960,300111.1627,726054.3134
2528645,361,1/10/2023 12:00:00 AM,178872.2144,46355.2599,290890.9363,451833.4463,16535.6416
2528646,361,1/10/2023 12:00:00 AM,892371.3585,343086.6604,668825.3028,147022.5573,356168.1522
2528647,361,1/10/2023 12:00:00 AM,728915.0602,980155.1394,417245.6844,26542.6056,408268.6826
2528648,361,1/10/2023 12:00:00 AM,462620.1215,933819.2449,629504.0943,353997.5131,991075.7877
2528649,361,1/10/2023 12:00:00 AM,812642.0353,134708.6802,315970.4150,168076.2446,414488.8112
2528650,361,1/10/2023 12:00:00 AM,827439.3484,308464.8894,260678.2127,533438.0298,835851.9449
2528651,361,1/10/2023 12:00:00 AM,860910.5984,96298.3797,513099.1219,513669.2101,562004.2211
2528652,361,1/10/2023 12:00:00 AM,970159.4099,988408.3429,563986.8383,207840.7729,453158.4110
2528653,361,1/10/2023 12:00:00 AM,685797.4358,485127.3729,602261.2901,478568.8655,928190.0801
2528654,361,1/10/2023 12:00:00 AM,864027.9293,598898.9212,813674.3031,643085.0065,727764.2799
2528655,361,1/10/2023 12:00:00 AM,836267.9099,870138.6377,471759.3527,585456.7807,631588.1582
2528656,361,1/10/2023 12:00:00 AM,759582.1025,160811.5818,561250.2679,619194.9883,633151.2169
2528657,361,1/10/2023 12:00:00 AM,508686.1880,647547.7023,938563.7934,862494.7446,12397.4526
2528658,361,1/10/2023 12:00:00 AM,686290.9515,638164.5423,664924.8870,326919.1301,657928.1271
2528659,361,1/10/2023 12:00:00 AM,736867.4721,298102.6338,853979.2853,510224.5695,262798.1116
2528660,361,1/10/2023 12:00:00 AM,840633.2430,407209.8820,363036.0604,69788.3661,848962.6053
2528661,361,1/10/2023 12:00:00 AM,711120.5131,465128.5653,986433.1655,666257.6427,429013.4917
2528662,361,1/10/2023 12:00:00 AM,56721.7210,146281.5928,949435.4998,251018.4584,258211.6351
2528663,361,1/10/2023 12:00:00 AM,478656.5481,200935.9108,653162.1321,387638.1315,277351.6277
2528664,361,1/10/2023 12:00:00 AM,70108.0538,284438.4209,777847.6693,128213.4426,136208.6697
2528665,361,1/10/2023 12:00:00 AM,43445.8542,941208.9666,188252.4043,589835.8643,242397.9054
2528666,361,1/10/2023 12:00:00 AM,98600.5574,20712.1080,300122.7624,349831.7513,613295.8238
2528667,361,1/10/2023 12:00:00 AM,710358.6032,963521.2288,364360.0230,952282.9702,858030.8059
2528668,361,1/10/2023 12:00:00 AM,403709.1707,890147.8635,614999.6561,874669.1403,688511.1329
2528669,361,1/10/2023 12:00:00 AM,40792.7667,884533.5831,620698.1020,627167.7514,361073.8563
2528670,361,1/10/2023 12:00:00 AM,838502.3508,460342.7374,616103.1206,963719.8255,501991.2102
2528671,361,1/10/2023 12:00:00 AM,504333.6123,524486.4149,135360.1422,4595.2957,396751.4994
2528672,361,1/10/2023 12:00:00 AM,883459.1921,975986.0603,121281.0092,32663.3905,367866.1117
2528673,361,1/10/2023 12:00:00 AM,816213.0573,667996.2073,40508.7701,13180.2716,108782.8900
2528674,361,1/10/2023 12:00:00 AM,561676.9189,404667.9766,590225.7392,392432.9323,635538.1870
2528675,361,1/10/2023 12:00:00 AM,427243.4334,373724.0820,56624.0290,439668.3014,545880.9263
2528676,361,1/10/2023 12:00:00 AM,976657.6785,265007.5664,314903.0523,822739.0033,804869.8726
2528677,361,1/10/2023 12:00:00 AM,106870.0632,591085.9311,559560.0199,944066.0725,355376.1406
2528678,361,1/10/2023 12:00:00 AM,46274.3941,850590.3095,262955.4474,275218.4556,583784.9198
2528679,361,1/10/2023 12:00:00 AM,953173.1935,740583.2072,378996.7057,188024.6052,423937.3472
2528680,361,1/10/2023 12:00:00 AM,405292.5188,764504.4749,939490.4422,612994.1991,994814.2442
2528681,361,1/10/2023 12:00:00 AM,281540.4895,714104.5494,437527.4547,489720.7919,210927.9918
2528682,361,1/10/2023 12:00:00 AM,860212.6335,236705.2086,887574.3421,29317.2247,569000.7765
2528683,361,1/10/2023 12:00:00 AM,46747.0208,501193.9273,725140.6142,224686.2828,935812.6315
2528684,361,1/10/2023 12:00:00 AM,767660.7039,649933.0490,436909.3555,397023.8516,481338.2310
2528685,361,1/10/2023 12:00:00 AM,896444.0904,618825.2336,32462.0967,652439.9375,346623.2295
2528686,361,1/10/2023 12:00:00 AM,818336.8328,986607.8867,285404.8813,559513.3438,739368.1124
2528687,361,1/10/2023 12:00:00 AM,926772.5731,920628.4261,922854.4687,875086.7933,777142.7010
2528688,361,1/10/2023 12:00:00 AM,25685.2529,745578.5985,239399.7279,920562.0349,130098.1034
2528689,361,1/10/2023 12:00:00 AM,466805.5215,712790.8919,839712.5384,429983.2332,785759.1794
2528690,361,1/10/2023 12:00:00 AM,355013.8794,167726.3755,940405.0377,466580.0171,803549.9095
2528691,361,1/10/2023 12:00:00 AM,389230.8896,831471.6414,612372.7676,408404.7791,63938.6525
2528692,361,1/10/2023 12:00:00 AM,650858.2910,236944.9655,305076.7797,509173.6544,612201.2897
2528693,361,1/10/2023 12:00:00 AM,365740.3679,20524.3859,433619.7681,478889.8332,716564.8755
2528694,361,1/10/2023 12:00:00 AM,591941.1446,588029.5436,623765.2905,359243.5387,502132.1920
2528695,361,1/10/2023 12:00:00 AM,582873.8344,514708.0981,54327.9835,646564.3099,281944.5070
2528696,361,1/10/2023 12:00:00 AM,192975.2111,172793.8820,924764.9019,789215.1797,692852.5374
2528697,361,1/10/2023 12:00:00 AM,617038.7944,931303.6467,557320.2412,576509.8635,561271.2572
2528698,361,1/10/2023 12:00:00 AM,110890.3515,370920.0061,429409.4877,744462.8061,21475.5760
2528699,361,1/10/2023 12:00:00 AM,263098.6298,673101.0826,523968.2103,643031.1006,560650.5199
2528700,361,1/10/2023 12:00:00 AM,624605.3467,436326.9720,164704.0540,121284.6260,438391.0991
2528701,361,1/10/2023 12:00:00 AM,645815.4161,461768.9378,59944.0939,398154.8409,173941.1131
2528702,361,1/10/2023 12:00:00 AM,391527.7584,837949.5754,863579.3373,848600.6570,984050.2881
2528703,361,1/10/2023 12:00:00 AM,765248.6715,918741.0636,889077.6299,86338.1652,24354.0092
2528704,361,1/10/2023 12:00:00 AM,932079.4100,887067.5806,256785.9376,886391.4553,469793.1602
2528705,361,1/10/2023 12:00:00 AM,659346.3857,978786.3690,248479.6315,993692.1425,800631.2255
2528706,361,1/10/2023 12:00:00 AM,353741.9204,157241.5303,657776.3872,193529.0030,876640.3754
2528707,361,1/10/2023 12:00:00 AM,516450.9072,386000.6568,819436.2637,755833.8466,7875.9279
2528708,361,1/10/2023 12:00:00 AM,351662.5713,240487.1206,760049.4174,512407.6176,772344.7332
2528709,361,1/10/2023 12:00:00 AM,901085.9345,767576.8877,322170.6035,891976.6211,526952.7467
2528710,361,1/10/2023 12:00:00 AM,55258.8232,317125.2485,495453.6464,893491.7838,605423.5652
2528711,361,1/10/2023 12:00:00 AM,154435.7827,476053.3505,952826.9324,781483.0987,786513.4217
2528712,361,1/10/2023 12:00:00 AM,534273.6329,596692.6897,665718.5256,755797.9339,52792.9105
2528713,361,1/10/2023 12:00:00 AM,779214.1967,555507.5037,18520.3958,633283.7385,682315.4068
2528714,361,1/10/2023 12:00:00 AM,217321.6807,5367.7924,412809.6267,149571.9802,24771.0349
2528715,361,1/10/2023 12:00:00 AM,6251.3423,8652.1336,619735.1456,350533.5811,152291.1312
2528716,361,1/10/2023 12:00:00 AM,898378.5541,872687.5447,253130.2827,47427.4563,259899.9996
2528717,361,1/10/2023 12:00:00 AM,58699.2216,583409.2987,809714.3454,874338.9510,164529.0403
2528718,361,1/10/2023 12:00:00 AM,413671.1313,794056.4749,232049.7863,272253.2004,257012.0576
2528719,361,1/10/2023 12:00:00 AM,505129.5373,111449.2735,673086.1577,777059.2829,123637.5106
2528720,361,1/10/2023 12:00:00 AM,142110.0345,214710.2419,246553.1050,660794.3427,310082.9521
2528721,361,1/10/2023 12:00:00 AM,111740.7272,88974.0364,897300.3153,335770.5179,530262.2975
2528722,361,1/10/2023 12:00:00 AM,490474.6198,560224.1404,422178.7782,321184.5955,7586.6242
2528723,361,1/10/2023 12:00:00 AM,261017.2701,733292.0520,787654.2723,20524.7268,777466.0366
2505293,361,1/10/2023 12:00:00 AM,992691.2957,933650.4492,820570.0256,550671.3820,440922.0213
2505294,361,1/10/2023 12:00:00 AM,599090.1715,944201.2279,250714.8337,160767.9568,797481.7737
2505295,361,1/10/2023 12:00:00 AM,936961.6755,374787.8852,495110.2878,639176.0825,340928.4623
2505296,361,1/10/2023 12:00:00 AM,264216.5643,211651.9024,284928.3105,130908.2553,600872.1684
2505297,361,1/10/2023 12:00:00 AM,318125.7572,77903.2444,973690.7906,674960.6349,215815.1528
2505298,361,1/10/2023 12:00:00 AM,115061.1256,102442.1412,565551.7309,904068.0481,230830.8615
2505299,361,1/10/2023 12:00:00 AM,168316.1547,384840.0980,428536.4584,795833.3909,356129.2662
2505300,361,1/10/2023 12:00:00 AM,113351.4259,975529.1436,479725.3693,74642.6058,176894.1364
2505301,361,1/10/2023 12:00:00 AM,404368.5634,202707.4601,567746.5486,818880.6306,610965.1605
2505302,361,1/10/2023 12:00:00 AM,425981.8722,798509.1031,249835.5995,904930.2242,842823.5652
2505303,361,1/10/2023 12:00:00 AM,327135.7972,962394.6828,864323.9711,143730.1680,867213.9662
2505304,361,1/10/2023 12:00:00 AM,85608.8945,72033.1288,864585.5112,698837.1294,621387.0148
2505305,361,1/10/2023 12:00:00 AM,155296.8948,837980.3654,668752.5195,532294.9044,328275.0348
2505306,361,1/10/2023 12:00:00 AM,641711.6111,836872.3364,806580.5455,315502.9586,829444.1176
2505307,361,1/10/2023 12:00:00 AM,209881.8819,750311.4161,548827.2245,420051.7049,107807.8744
2505308,361,1/10/2023 12:00:00 AM,224628.0411,543174.7952,435197.8449,982388.6117,901799.9167
2505309,361,1/10/2023 12:00:00 AM,515821.2107,888492.7705,318058.2736,730997.7169,710741.1025
2505310,361,1/10/2023 12:00:00 AM,694914.6402,323442.2444,276204.9214,551277.5822,759366.0725
2505311,361,1/10/2023 12:00:00 AM,919636.3659,933128.9705,661810.6946,536878.5818,429811.6151
2505312,361,1/10/2023 12:00:00 AM,875341.9133,658420.0922,321077.4827,613562.0521,575116.0060
2505313,361,1/10/2023 12:00:00 AM,209430.6989,869476.3346,992710.4111,618168.0733,424842.7939
2505314,361,1/10/2023 12:00:00 AM,247846.6660,173631.7254,203572.5577,921407.3009,766253.5006
2505315,361,1/10/2023 12:00:00 AM,87505.5106,213532.4616,728379.5330,174584.3968,904312.0765
2505316,361,1/10/2023 12:00:00 AM,341214.1693,741531.2512,923324.6255,192649.1537,629744.5744
2505317,361,1/10/2023 12:00:00 AM,736960.0679,73516.3001,754829.3258,264762.1806,181848.8532
2505318,361,1/10/2023 12:00:00 AM,30524.8596,987122.0276,258701.4898,482647.9541,527049.9042
2505319,361,1/10/2023 12:00:00 AM,905127.6240,285828.1432,257850.5506,231595.6110,650568.3964
2505320,361,1/10/2023 12:00:00 AM,620979.4131,365755.8944,126886.6972,651933.6873,831353.5408
2505321,361,1/10/2023 12:00:00 AM,541478.8214,97510.1049,706939.3836,72377.8635,778046.2334
2505322,361,1/10/2023 12:00:00 AM,524048.1164,253217.8703,395156.3081,987763.4094,341059.1287
2505323,361,1/10/2023 12:00:00 AM,481600.4220,685739.5732,995970.0700,382398.6232,481789.8563
2505324,361,1/10/2023 12:00:00 AM,888070.6807,48093.1582,250729.2557,885363.9932,609807.7994
2505325,361,1/10/2023 12:00:00 AM,206402.9607,127169.8491,930226.8235,155673.3717,128327.6456
2505326,361,1/10/2023 12:00:00 AM,314345.2110,264294.8360,30234.8285,448590.6936,625396.6669
2505327,361,1/10/2023 12:00:00 AM,169238.0430,934549.1737,901297.2879,177553.9515,987305.5540
2505328,361,1/10/2023 12:00:00 AM,472142.5924,337717.7542,124298.5699,573448.7831,830835.9136
2505329,361,1/10/2023 12:00:00 AM,688464.1802,868903.0078,13480.6897,549859.4340,443869.6792
2505330,361,1/10/2023 12:00:00 AM,387049.1463,981574.4015,751080.4841,96934.9559,408606.7639
2505331,361,1/10/2023 12:00:00 AM,41741.1227,66496.1184,399987.6009,587504.0951,6279.0734
2505332,361,1/10/2023 12:00:00 AM,162607.7809,997932.1986,901421.1370,197057.4965,252275.9618
2505333,361,1/10/2023 12:00:00 AM,636765.2636,169059.3236,59118.8117,94664.9786,567018.2650
2505334,361,1/10/2023 12:00:00 AM,829069.8382,179424.9567,553062.9872,964218.3410,448645.7502
2505335,361,1/10/2023 12:00:00 AM,978327.7355,140672.9912,999930.8151,969258.1253,251384.5496
2505336,361,1/10/2023 12:00:00 AM,578181.8344,229753.7408,999997.2561,104209.4776,399347.4745
2505337,361,1/10/2023 12:00:00 AM,23201.0718,609096.9018,301639.1749,253074.8215,677413.3261
2505338,361,1/10/2023 12:00:00 AM,639871.0522,642097.3714,507940.9684,560597.0718,552112.7960
2505339,361,1/10/2023 12:00:00 AM,216612.0292,662638.4541,823883.6696,437928.4743,699908.5378
2505340,361,1/10/2023 12:00:00 AM,847227.6454,656377.8685,837023.8594,402218.9996,243905.5025
2505341,361,1/10/2023 12:00:00 AM,589233.9975,358412.0492,197978.8302,820364.5190,267925.8788
2505342,361,1/10/2023 12:00:00 AM,737439.7401,938489.3956,234359.2964,689476.9102,808875.6033
2505343,361,1/10/2023 12:00:00 AM,194137.9036,875484.1775,164870.6992,427994.1824,173135.4958
2505344,361,1/10/2023 12:00:00 AM,629618.9483,727365.2677,576990.3617,923160.3486,283336.1479
2505345,361,1/10/2023 12:00:00 AM,855270.2423,378026.4119,517147.5789,976065.1226,671808.8339
2505346,361,1/10/2023 12:00:00 AM,30875.4066,646710.5676,482950.3560,432678.2712,785977.7967
2505347,361,1/10/2023 12:00:00 AM,485177.5008,996670.6006,657282.7061,829135.1374,429645.7479
2505348,361,1/10/2023 12:00:00 AM,706657.7740,797843.6587,192987.4100,435122.8236,976514.5402
2505349,361,1/10/2023 12:00:00 AM,640026.1430,982377.1191,387426.9173,385679.8525,560534.2490
2505350,361,1/10/2023 12:00:00 AM,769887.8176,881005.9543,327221.7522,849774.2590,832906.0868
2505351,361,1/10/2023 12:00:00 AM,144869.7264,989027.3455,778082.4381,100554.3349,458897.8672
2505352,361,1/10/2023 12:00:00 AM,149671.3822,249162.2155,224987.8059,259819.0569,415936.0921
2505353,361,1/10/2023 12:00:00 AM,948793.6727,731708.8641,894078.4053,882229.2106,265812.8480
2505354,361,1/10/2023 12:00:00 AM,480438.6241,711959.9565,683240.6581,730869.4440,123722.7112
2505355,361,1/10/2023 12:00:00 AM,455649.0940,917393.1720,308975.8596,407776.4660,868422.5557
2505356,361,1/10/2023 12:00:00 AM,269506.9154,753188.7968,809357.8305,320848.2395,445121.1458
2505357,361,1/10/2023 12:00:00 AM,386628.0511,111544.4072,470149.3203,236399.8242,931683.1452
2505358,361,1/10/2023 12:00:00 AM,295102.0087,66244.7698,492387.7301,963851.4646,450813.0557
2505359,361,1/10/2023 12:00:00 AM,596933.6452,398386.7435,765122.0741,978698.9625,562181.6357
2505360,361,1/10/2023 12:00:00 AM,43995.4021,89764.7917,121734.6453,5347.8243,761110.5356
2505361,361,1/10/2023 12:00:00 AM,360290.1111,303744.6722,734289.6508,301123.0536,902527.2954
2505362,361,1/10/2023 12:00:00 AM,868197.4988,806229.5523,450339.3566,580312.1296,826240.3493
2505363,361,1/10/2023 12:00:00 AM,742896.8938,213734.8035,712939.1812,222510.2671,749679.6771
2505364,361,1/10/2023 12:00:00 AM,973479.4195,585309.8991,192758.7908,590632.8291,472603.6646
2505365,361,1/10/2023 12:00:00 AM,557223.8148,915892.5585,823530.5167,849354.1403,683854.1115
2505366,361,1/10/2023 12:00:00 AM,693252.7132,160156.2795,533583.1331,273955.3182,15364.3246
2505367,361,1/10/2023 12:00:00 AM,933562.0192,388376.5408,108303.7096,428917.6898,424010.2748
2505368,361,1/10/2023 12:00:00 AM,396169.5406,221049.7805,175253.0137,261518.5200,246723.9175
2505369,361,1/10/2023 12:00:00 AM,874933.7398,284558.6630,493818.7571,168441.3519,869201.4217
2505370,361,1/10/2023 12:00:00 AM,266876.2126,347124.9059,34581.7488,531816.6656,694445.3631
2528724,361,1/10/2023 12:00:00 AM,916200.3010,69971.4050,969596.1162,217155.5989,525877.2135
2528725,361,1/10/2023 12:00:00 AM,303903.0576,817697.7289,39603.7709,210774.6416,157437.2813
2528726,361,1/10/2023 12:00:00 AM,500810.0585,338613.1939,352047.6309,326122.7264,28562.1642
2528727,361,1/10/2023 12:00:00 AM,728441.5800,342970.7899,513507.5888,743308.1626,925914.4944
2528728,361,1/10/2023 12:00:00 AM,672805.5577,637973.1215,890304.6330,689082.5575,708552.1191
2528729,361,1/10/2023 12:00:00 AM,119707.3231,889669.8491,924886.7436,213653.6364,667291.0629
2528730,361,1/10/2023 12:00:00 AM,980160.1457,249443.3101,998536.1506,664029.9432,717587.1492
2528731,361,1/10/2023 12:00:00 AM,902162.8391,286539.5713,106672.5968,385940.7709,581411.4534
2528732,361,1/10/2023 12:00:00 AM,247390.3198,611092.7913,122828.4422,221169.0228,233880.3446
2528733,361,1/10/2023 12:00:00 AM,621666.3855,617722.1230,693096.4061,101921.6697,247028.1275
2528734,361,1/10/2023 12:00:00 AM,442347.5973,721921.1656,741146.1083,471782.1468,41793.1222
2528735,361,1/10/2023 12:00:00 AM,319030.8789,578866.3849,388757.2008,396791.2189,740080.6324
2528736,361,1/10/2023 12:00:00 AM,622093.9227,245488.8087,227919.5983,268589.9919,635038.2870
2528737,361,1/10/2023 12:00:00 AM,56866.1151,479419.7153,697943.7623,109166.5520,835707.6179
2528738,361,1/10/2023 12:00:00 AM,913360.8823,857587.4899,696994.9691,784041.3590,65220.6707
2528739,361,1/10/2023 12:00:00 AM,932679.5720,792992.6088,152402.6501,817856.4896,708006.5852
2528740,361,1/10/2023 12:00:00 AM,182860.6174,239838.3576,17970.7767,85617.3644,979579.6435
2528741,361,1/10/2023 12:00:00 AM,783479.7226,584072.5928,275126.8559,799877.9504,180908.7976
2528742,361,1/10/2023 12:00:00 AM,843379.0106,180297.5370,293894.2165,43634.0876,22504.8123
2528743,361,1/10/2023 12:00:00 AM,566226.3823,920290.3625,215300.9393,283093.2590,574148.2170
2528744,361,1/10/2023 12:00:00 AM,96666.3950,259468.1472,417812.8217,932595.0833,149296.6580
2528745,361,1/10/2023 12:00:00 AM,127576.7574,518463.0697,588767.9972,39041.7070,219701.4186
2528746,361,1/10/2023 12:00:00 AM,662876.5374,374793.9756,343643.6905,38980.3081,930932.1435
2528747,361,1/10/2023 12:00:00 AM,557061.6217,267014.6956,893875.8505,467912.2057,672917.8957
2528748,361,1/10/2023 12:00:00 AM,753154.6764,404573.6332,120580.0330,263676.9137,867343.8238
2528749,361,1/10/2023 12:00:00 AM,713529.2542,124319.8110,90277.6799,255128.5163,686267.9055
2528750,361,1/10/2023 12:00:00 AM,717774.2771,291908.0444,306615.1910,549205.4816,441407.2236
2528751,361,1/10/2023 12:00:00 AM,743909.2540,185717.9258,396172.5408,135756.0740,178872.5860
2528752,361,1/10/2023 12:00:00 AM,338046.4277,317718.2985,542064.1069,538698.2483,969453.6066
2528753,361,1/10/2023 12:00:00 AM,9434.0642,130025.3228,635196.2286,524454.0338,983411.2420
2528754,361,1/10/2023 12:00:00 AM,245243.5751,318190.4962,642840.6186,765807.4763,183547.2424
2528755,361,1/10/2023 12:00:00 AM,781884.8988,549429.7455,603963.1275,171839.0351,855910.3189
2528756,361,1/10/2023 12:00:00 AM,139697.2901,906911.1636,984626.0080,124228.5717,622256.7043
2528757,361,1/10/2023 12:00:00 AM,823741.4175,223726.8477,874606.1764,735485.4834,825980.2434
2528758,361,1/10/2023 12:00:00 AM,593757.0058,141068.4168,202018.0937,571461.4202,482937.5736
2528759,361,1/10/2023 12:00:00 AM,771651.4506,980273.9603,499266.3982,772015.4245,598471.7598
2528760,361,1/10/2023 12:00:00 AM,663962.5131,50951.8939,513634.2515,650227.9784,76967.7747
2528761,361,1/10/2023 12:00:00 AM,894988.1473,626472.1037,725979.1328,730199.5660,192066.3730
2528762,361,1/10/2023 12:00:00 AM,366682.6153,227570.3057,275634.4584,245806.3324,8267.4373
2528763,361,1/10/2023 12:00:00 AM,732049.4553,165055.1519,1075.7922,214092.4034,656484.1370
2528764,361,1/10/2023 12:00:00 AM,267570.5793,849852.7998,310284.5848,260528.3960,713044.9176
2528765,361,1/10/2023 12:00:00 AM,787845.4491,364337.8868,868433.2566,698335.2908,114874.6157
2528766,361,1/10/2023 12:00:00 AM,986152.6493,230608.8961,198227.4575,897435.8759,502487.3640
2528767,361,1/10/2023 12:00:00 AM,846248.4579,494165.7399,896911.5342,6546.7904,234240.1686
2528768,361,1/10/2023 12:00:00 AM,740076.7344,907081.1323,950605.5730,172758.4624,127113.1460
2528769,361,1/10/2023 12:00:00 AM,196305.2002,146941.9089,625894.8802,673756.6383,674203.3961
2528770,361,1/10/2023 12:00:00 AM,255758.1426,20438.0146,465001.6605,329033.5980,268457.6715
2528771,361,1/10/2023 12:00:00 AM,163260.4811,90629.7328,704881.1676,127243.6699,330626.7966
2528772,361,1/10/2023 12:00:00 AM,145321.0216,521810.4662,922538.7806,138477.7790,659277.2517
2528773,361,1/10/2023 12:00:00 AM,454206.4865,65250.3030,626465.4462,182486.4492,921688.2107
2528774,361,1/10/2023 12:00:00 AM,242236.5175,886827.5936,696225.2547,632272.0903,676859.7055
2528775,361,1/10/2023 12:00:00 AM,401650.9804,199409.4954,931116.6459,901138.0629,961393.5395
2528776,361,1/10/2023 12:00:00 AM,37870.5488,636525.1771,667245.6200,212260.8677,21412.0230
2528777,361,1/10/2023 12:00:00 AM,504210.3522,89692.3986,367898.0170,784484.3044,853759.3102
2528778,361,1/10/2023 12:00:00 AM,568358.1923,689446.6273,333930.7693,199342.4304,326690.2716
2528779,361,1/10/2023 12:00:00 AM,562059.3377,706045.3009,72449.9702,531676.7959,850592.0217
2528780,361,1/10/2023 12:00:00 AM,508817.4817,385529.9249,248872.0755,353612.9127,398863.3325
2528781,361,1/10/2023 12:00:00 AM,345926.7212,987200.4845,53809.9963,891855.5473,564676.0492
2528782,361,1/10/2023 12:00:00 AM,877272.4170,649040.7041,401845.1718,592404.2317,494082.1905
2528783,361,1/10/2023 12:00:00 AM,562910.9298,524828.9233,187077.4524,800039.5320,176076.8491
2528784,361,1/10/2023 12:00:00 AM,240612.8617,618106.3504,136721.1496,583029.5543,601410.4878
2528785,361,1/10/2023 12:00:00 AM,704389.3729,966823.4645,967060.5588,259487.8674,769046.7835
2528786,361,1/10/2023 12:00:00 AM,854567.7946,216387.3756,488767.2908,574971.1765,366458.2504
2528787,361,1/10/2023 12:00:00 AM,398479.8106,223614.1493,189890.6907,393075.7530,842121.3940
2528788,361,1/10/2023 12:00:00 AM,510560.4524,458509.5010,43722.4873,799573.6840,421128.0302
2528789,361,1/10/2023 12:00:00 AM,75986.1681,410974.5161,220834.5220,583598.4564,574147.8203
2528790,361,1/10/2023 12:00:00 AM,261475.5157,695622.8412,340563.2474,487678.4261,808379.1446
2528791,361,1/10/2023 12:00:00 AM,755082.1380,312431.1340,584971.4760,77650.6064,257117.6919
2528792,361,1/10/2023 12:00:00 AM,428416.0287,558204.7709,170788.7556,353132.5505,534648.5508
2528793,361,1/10/2023 12:00:00 AM,2996.5663,836809.4261,667232.7910,911825.9877,584291.9150
2528794,361,1/10/2023 12:00:00 AM,211583.1223,853837.6419,91455.0230,261928.9720,789123.7285
2528795,361,1/10/2023 12:00:00 AM,524266.9935,766867.1742,222577.4462,922748.2644,133637.3318
2528796,361,1/10/2023 12:00:00 AM,635526.2656,19058.1931,516214.2796,598816.6421,995087.8943
2528797,361,1/10/2023 12:00:00 AM,675744.6050,17431.7663,932628.7110,62175.5568,145878.8265
2528798,361,1/10/2023 12:00:00 AM,860434.3791,748868.5310,122727.6349,341244.3139,401004.0068
2528799,361,1/10/2023 12:00:00 AM,629311.7087,75363.1594,687380.0243,996236.1363,240807.7964
2528800,361,1/10/2023 12:00:00 AM,30020.2844,321508.9290,93009.9541,774905.1872,389089.9107
2528801,361,1/10/2023 12:00:00 AM,511539.9351,523778.6750,802407.1748,997618.4407,316260.2398
2542716,361,1/10/2023 12:00:00 AM,972577.7032,115103.0761,990760.1778,811659.9668,90840.9698
2542717,361,1/10/2023 12:00:00 AM,722697.5701,850838.9172,269482.1818,740639.3952,615496.6103
2542718,361,1/10/2023 12:00:00 AM,738591.5863,986015.7039,171495.2695,961527.9745,932926.7915
2542719,361,1/10/2023 12:00:00 AM,194903.9578,385161.4555,909824.5438,712599.9675,334625.2714
2542720,361,1/10/2023 12:00:00 AM,720989.3387,564278.2124,125600.0234,143509.3779,762635.1363
2542721,361,1/10/2023 12:00:00 AM,573842.7018,907533.2373,43249.8383,236074.9463,713014.8498
2542722,361,1/10/2023 12:00:00 AM,407099.9063,402148.4696,759107.9550,127619.4432,147297.2369
2542723,361,1/10/2023 12:00:00 AM,151083.4684,556344.1695,785654.2715,652169.1448,90802.6944
2542724,361,1/10/2023 12:00:00 AM,545401.9382,556622.3700,764783.3902,553909.1744,371140.1027
2542725,361,1/10/2023 12:00:00 AM,624137.0745,187648.8654,779470.8827,611323.1395,205447.3814
2542726,361,1/10/2023 12:00:00 AM,158550.4121,187589.8535,976473.5513,706697.6951,928103.4201
2542727,361,1/10/2023 12:00:00 AM,938977.0943,136654.4408,260542.4259,336950.3108,290745.3314
2542728,361,1/10/2023 12:00:00 AM,422675.9927,494321.2224,489732.8302,92531.8941,700840.4220
2542729,361,1/10/2023 12:00:00 AM,764000.9810,850757.2561,143893.1685,213624.2779,867173.9063
2542730,361,1/10/2023 12:00:00 AM,574856.0134,43840.7956,606176.0124,617613.8311,69653.7993
2542731,361,1/10/2023 12:00:00 AM,254567.4834,487110.6551,17262.2250,740813.9055,678252.6228
2542732,361,1/10/2023 12:00:00 AM,108372.7769,123781.8116,854064.4068,865242.0005,392539.3023
2542733,361,1/10/2023 12:00:00 AM,323320.3236,471098.7977,617433.1885,939350.6949,918241.3061
2542734,361,1/10/2023 12:00:00 AM,421199.2662,855693.8894,378749.9136,733401.7139,125373.4624
2542735,361,1/10/2023 12:00:00 AM,420336.4871,79.2043,300790.1095,28611.9812,161955.3792
2542736,361,1/10/2023 12:00:00 AM,893984.0157,136679.0836,944424.6121,294303.6893,601821.5717
2542737,361,1/10/2023 12:00:00 AM,639763.5292,258062.3902,415484.5799,944772.5696,756747.7968
2542738,361,1/10/2023 12:00:00 AM,344434.1953,729366.6157,324643.5756,611456.7461,980885.9836
2542739,361,1/10/2023 12:00:00 AM,188855.4613,524148.5022,580681.5317,703032.6757,181713.5269
2528802,361,1/10/2023 12:00:00 AM,433590.1725,371930.4017,226635.2574,265263.1162,402648.4366
2528803,361,1/10/2023 12:00:00 AM,104136.5504,967561.3235,382681.6983,316265.5968,131332.4532
2528804,361,1/10/2023 12:00:00 AM,130228.9272,929336.7152,60434.7217,195911.6638,306729.7409
2528805,361,1/10/2023 12:00:00 AM,448945.6966,56324.2530,22146.3168,77658.4230,670642.2773
2528806,361,1/10/2023 12:00:00 AM,336854.5122,161709.2241,754387.4514,324340.5130,837513.0524
2528807,361,1/10/2023 12:00:00 AM,303862.9786,346844.3785,2955.9136,931675.9801,666604.0858
2528808,361,1/10/2023 12:00:00 AM,139843.2163,217814.2829,321087.8776,671657.9028,631978.0014
2528809,361,1/10/2023 12:00:00 AM,5513.3930,923342.9609,407046.0153,135392.3692,988576.6240
2528810,361,1/10/2023 12:00:00 AM,588329.9217,963130.9031,405475.1525,359566.9288,947583.5224
2528811,361,1/10/2023 12:00:00 AM,102016.4885,34019.9158,21714.7676,281910.3112,225328.5387
2528812,361,1/10/2023 12:00:00 AM,966018.9648,385314.1011,706231.9230,329026.5260,837320.6314
2528813,361,1/10/2023 12:00:00 AM,963051.9056,610619.5328,996672.1434,917711.4357,533701.1950
2528814,361,1/10/2023 12:00:00 AM,304131.9120,292275.3222,435477.8638,536946.5362,575933.0698
2528815,361,1/10/2023 12:00:00 AM,247795.0181,889499.4948,606783.9314,670259.1703,457011.3359
2528816,361,1/10/2023 12:00:00 AM,48671.4537,502966.0894,668386.9474,221494.3832,484826.1622
2528817,361,1/10/2023 12:00:00 AM,671151.4114,910034.0527,165141.2899,279934.0749,848903.3304
2528818,361,1/10/2023 12:00:00 AM,692982.4197,19349.5067,694798.9397,892711.9036,695983.7828
2528819,361,1/10/2023 12:00:00 AM,902678.1487,217046.4842,265933.1796,142049.9893,505221.0430
2528820,361,1/10/2023 12:00:00 AM,622814.2071,190852.6850,645922.6496,457437.3014,433527.3450
2528821,361,1/10/2023 12:00:00 AM,74076.7896,639248.8030,346815.1150,793293.5140,492797.7220
2528822,361,1/10/2023 12:00:00 AM,822775.2196,938384.0565,48060.9484,124991.0017,704976.2571
2528823,361,1/10/2023 12:00:00 AM,318549.4629,586467.7598,152715.5745,694953.7479,123442.3109
2528824,361,1/10/2023 12:00:00 AM,746315.1536,622012.9297,411407.8796,510405.2172,807718.6953
2528825,361,1/10/2023 12:00:00 AM,595755.5002,37161.8118,195982.5510,19744.9104,910559.7214
2528826,361,1/10/2023 12:00:00 AM,736233.2377,835673.1035,792720.4531,407302.6031,922632.8041
2528827,361,1/10/2023 12:00:00 AM,83082.2391,292246.5872,975959.6685,420025.7466,849032.6105
2528828,361,1/10/2023 12:00:00 AM,573732.5044,811823.8493,232884.0041,535302.7975,617221.4621
2528829,361,1/10/2023 12:00:00 AM,563331.5546,434636.0604,267341.9335,732690.8130,233563.8598
2528830,361,1/10/2023 12:00:00 AM,161366.4811,55525.1428,486636.5397,436351.1948,190984.1225
2528831,361,1/10/2023 12:00:00 AM,100893.4201,5245.0254,290082.6745,285894.2266,494081.2881
2505371,361,1/10/2023 12:00:00 AM,849639.4338,912602.0057,846609.2644,17734.5085,70700.3144
2505372,361,1/10/2023 12:00:00 AM,197413.8429,368454.0636,544821.3592,480894.5955,354416.9118
2505373,361,1/10/2023 12:00:00 AM,917213.7662,893250.2718,408249.3442,64097.8225,208115.6164
2505374,361,1/10/2023 12:00:00 AM,385782.4465,708425.7079,446342.8707,954235.2380,109403.8786
2505375,361,1/10/2023 12:00:00 AM,234329.3693,662162.0635,951404.7297,167811.5827,358159.2631
2505376,361,1/10/2023 12:00:00 AM,960225.5985,622681.7874,950910.0456,731679.5689,573227.7523
2505377,361,1/10/2023 12:00:00 AM,142224.4638,208373.7669,979496.7465,495965.7658,444366.6274
2505378,361,1/10/2023 12:00:00 AM,896359.4234,827698.1280,855498.8443,615654.8690,280449.0111
2505379,361,1/10/2023 12:00:00 AM,692086.8720,573206.5311,703593.4209,236582.2768,248245.3918
2505380,361,1/10/2023 12:00:00 AM,493614.5818,75756.0308,856366.8556,752408.5813,279858.0189
2505381,361,1/10/2023 12:00:00 AM,145214.8079,450919.6679,645250.1145,442822.6067,244595.5539
2505382,361,1/10/2023 12:00:00 AM,92293.0941,81248.9236,666856.8803,964256.0302,11164.0145
2505383,361,1/10/2023 12:00:00 AM,670648.0799,191654.4122,93193.2202,49512.5791,459622.7416
2505384,361,1/10/2023 12:00:00 AM,351027.2887,874080.2022,652563.0249,909694.6317,649074.7733
2505385,361,1/10/2023 12:00:00 AM,892421.5446,290169.5911,730410.8607,647932.0512,304076.3726
2505386,361,1/10/2023 12:00:00 AM,190332.3420,609054.0507,628794.2090,360564.1877,523860.7464
2505387,361,1/10/2023 12:00:00 AM,957987.9707,773056.9664,568141.7842,254659.4780,256185.1223
2505388,361,1/10/2023 12:00:00 AM,274976.5846,353015.5209,292647.8563,803655.5904,8703.0327
2505389,361,1/10/2023 12:00:00 AM,846822.7599,626008.0778,315162.8568,533364.4949,565535.4313
2505390,361,1/10/2023 12:00:00 AM,679363.1594,921573.6738,303015.0355,414409.3456,738436.5873
2505391,361,1/10/2023 12:00:00 AM,395985.0022,206146.5765,262776.4518,571836.7847,245523.2727
2505392,361,1/10/2023 12:00:00 AM,67487.5793,352285.4036,711433.2233,818607.6451,572063.9538
2505393,361,1/10/2023 12:00:00 AM,306237.7399,73750.6739,753084.1637,807525.9050,86284.2300
2505394,361,1/10/2023 12:00:00 AM,372241.3908,260150.7810,562736.2840,464730.0635,783244.7737
2505395,361,1/10/2023 12:00:00 AM,505893.1558,377901.4666,670798.8909,973790.4756,625496.3226
2505396,361,1/10/2023 12:00:00 AM,336758.3154,797377.4437,747491.2548,759991.2302,529789.0594
2505397,361,1/10/2023 12:00:00 AM,553912.3753,450674.9666,223788.7197,461467.4556,712594.8890
2505398,361,1/10/2023 12:00:00 AM,105247.4851,659038.7409,357375.0127,443170.3100,361103.8030
2505399,361,1/10/2023 12:00:00 AM,812557.6887,824381.0461,794457.0098,319311.8748,137608.5864
2505400,361,1/10/2023 12:00:00 AM,167938.4554,618174.0720,922410.6558,827384.9568,88939.8801
2505401,361,1/10/2023 12:00:00 AM,813297.2613,892022.5656,377272.4369,954580.6683,96332.2509
